Date,1st,2nd,3rd,4th,5th,6th,7th,8th,9th,10th,11th,12th,13th,14th,15th
10/22/2024,BOS (1-0),NYK (0-1),,,,,,,,,,,,,
10/23/2024,ATL (1-0) T1,BOS (1-0) T1,CHO (1-0) T1,CLE (1-0) T1,IND (1-0) T1,MIL (1-0) T1,ORL (1-0) T1,BRK (0-1) T8,CHI (0-1) T8,DET (0-1) T8,MIA (0-1) T8,NYK (0-1) T8,PHI (0-1) T8,TOR (0-1) T8,
10/24/2024,BOS (2-0) T1,ATL (1-0) T1,CHO (1-0) T1,CLE (1-0) T1,IND (1-0) T1,MIL (1-0) T1,ORL (1-0) T1,BRK (0-1) T8,CHI (0-1) T8,DET (0-1) T8,MIA (0-1) T8,NYK (0-1) T8,PHI (0-1) T8,TOR (0-1) T8,WAS (0-1) T8
10/25/2024,ATL (2-0) T1,BOS (2-0) T1,CLE (2-0) T1,ORL (2-0) T1,CHI (1-1) T5,CHO (1-1) T5,IND (1-1) T5,MIL (1-1) T5,NYK (1-1) T5,TOR (1-1) T5,BRK (0-2) T11,DET (0-2) T11,MIA (0-1) T11,PHI (0-2) T11,WAS (0-1) T11
10/26/2024,BOS (3-0) T1,CLE (3-0) T1,ATL (2-0) T1,ORL (2-1),IND (1-1) T5,MIA (1-1) T5,MIL (1-1) T5,NYK (1-1) T5,CHI (1-2) T9,CHO (1-2) T9,TOR (1-2) T9,BRK (0-2) T12,DET (0-3) T12,PHI (0-2) T12,WAS (0-2) T12
10/27/2024,BOS (3-0) T1,CLE (3-0) T1,ATL (2-1) T3,ORL (2-1) T3,MIA (1-1) T5,NYK (1-1) T5,BRK (1-2) T7,CHI (1-2) T7,CHO (1-2) T7,IND (1-2) T7,MIL (1-2) T7,PHI (1-2) T7,TOR (1-2) T7,DET (0-3) T14,WAS (0-2) T14
10/28/2024,BOS (4-0) T1,CLE (4-0) T1,ORL (3-1),MIA (2-1),ATL (2-2) T5,CHI (2-2) T5,BRK (1-2) T7,CHO (1-2) T7,NYK (1-2) T7,PHI (1-2) T7,WAS (1-2) T7,IND (1-3) T12,MIL (1-3) T12,TOR (1-3) T12,DET (0-4)
10/29/2024,BOS (4-0) T1,CLE (4-0) T1,ORL (3-1),MIA (2-1),ATL (2-2) T5,CHI (2-2) T5,CHO (1-2) T7,NYK (1-2) T7,PHI (1-2) T7,WAS (1-2) T7,BRK (1-3) T11,IND (1-3) T11,MIL (1-3) T11,TOR (1-3) T11,DET (0-4)
10/30/2024,CLE (5-0),BOS (4-1),CHI (3-2) T3,ORL (3-2) T3,CHO (2-2) T5,MIA (2-2) T5,NYK (2-2) T5,WAS (2-2) T5,ATL (2-3) T9,BRK (2-3) T9,IND (2-3) T9,MIL (1-3) T12,PHI (1-3) T12,DET (1-4) T14,TOR (1-4) T14
10/31/2024,CLE (5-0),BOS (4-1),CHI (3-2) T3,ORL (3-2) T3,CHO (2-2) T5,MIA (2-2) T5,NYK (2-2) T5,WAS (2-2) T5,ATL (2-3) T9,BRK (2-3) T9,IND (2-3) T9,PHI (1-3),DET (1-4) T13,MIL (1-4) T13,TOR (1-4) T13
11/1/2024,CLE (6-0),BOS (5-1),NYK (3-2),BRK (3-3) T4,CHI (3-3) T4,ORL (3-3) T4,MIA (2-2) T4,WAS (2-2) T4,CHO (2-3),ATL (2-4) T10,IND (2-4) T10,PHI (1-3),MIL (1-4),DET (1-5) T14,TOR (1-5) T14
11/2/2024,CLE (7-0),BOS (6-1),MIA (3-2) T3,NYK (3-2) T3,BRK (3-3) T5,CHI (3-3) T5,ORL (3-3) T5,WAS (2-3),ATL (2-4) T9,CHO (2-4) T9,IND (2-4) T9,TOR (2-5),PHI (1-4),DET (1-5) T14,MIL (1-5) T14
11/3/2024,CLE (7-0),BOS (6-1),MIA (3-2) T3,NYK (3-2) T3,CHI (3-3),ATL (3-4) T6,BRK (3-4) T6,ORL (3-4) T6,WAS (2-3),CHO (2-4) T10,IND (2-4) T10,DET (2-5) T12,TOR (2-5) T12,PHI (1-4),MIL (1-5)
11/4/2024,CLE (8-0),BOS (7-1),BRK (4-4) T3,MIA (3-3) T3,NYK (3-3) T3,CHI (3-4) T6,IND (3-4) T6,ATL (3-5) T8,DET (3-5) T8,ORL (3-5) T8,WAS (2-4),CHO (2-5),TOR (2-6),PHI (1-5),MIL (1-6)
11/6/2024,CLE (9-0),BOS (7-2),BRK (4-4) T3,IND (4-4) T3,ATL (4-5),MIA (3-4) T6,NYK (3-4) T6,CHI (3-5) T8,CHO (3-5) T8,DET (3-6) T10,ORL (3-6) T10,WAS (2-4) T10,TOR (2-7),MIL (1-6) T14,PHI (1-6) T14
11/7/2024,CLE (9-0),BOS (7-2),BRK (4-4) T3,IND (4-4) T3,ATL (4-5),MIA (3-4) T6,NYK (3-4) T6,CHO (3-5),CHI (3-6) T9,DET (3-6) T9,ORL (3-6) T9,WAS (2-4) T9,MIL (2-6),TOR (2-7),PHI (1-6)
11/8/2024,CLE (10-0),BOS (8-2),NYK (4-4),BRK (4-5) T4,CHO (4-5) T4,IND (4-5) T4,ATL (4-6) T7,DET (4-6) T7,ORL (4-6) T7,MIA (3-5),CHI (3-6),WAS (2-5),MIL (2-7) T13,TOR (2-7) T13,PHI (1-7)
11/9/2024,CLE (11-0),BOS (8-2),NYK (4-4),CHO (4-5) T4,IND (4-5) T4,BRK (4-6) T6,CHI (4-6) T6,DET (4-6) T6,ORL (4-6) T6,MIA (3-5),ATL (4-7),WAS (2-5),MIL (2-7),TOR (2-8),PHI (1-7)
11/10/2024,CLE (11-0),BOS (9-2),IND (5-5),ORL (5-6),MIA (4-5) T5,NYK (4-5) T5,BRK (4-6) T7,CHI (4-6) T7,CHO (4-6) T7,ATL (4-7) T10,DET (4-7) T10,WAS (2-6),PHI (2-7),MIL (2-8),TOR (2-9)
11/11/2024,CLE (12-0),BOS (9-2),IND (5-5),BRK (5-6) T4,ORL (5-6) T4,MIA (4-5) T6,NYK (4-5) T6,CHO (4-6),ATL (4-7) T9,CHI (4-7) T9,DET (4-7) T9,PHI (2-7) T12,WAS (2-7) T12,MIL (2-8),TOR (2-9)
11/12/2024,CLE (12-0),BOS (9-3),ORL (6-6) T3,IND (5-5) T3,NYK (5-5) T3,BRK (5-6),ATL (5-7) T7,DET (5-7) T7,MIA (4-6),CHI (4-7) T10,CHO (4-7) T10,MIL (3-8),WAS (2-7),PHI (2-8),TOR (2-10)
11/13/2024,CLE (13-0),BOS (10-3),ORL (7-6),IND (5-6) T4,NYK (5-6) T4,ATL (5-7) T6,BRK (5-7) T6,CHI (5-7) T6,MIA (4-6),DET (5-8),CHO (4-7),MIL (4-8),WAS (2-8),PHI (2-9),TOR (2-10)
11/14/2024,CLE (13-0),BOS (10-3),ORL (7-6),IND (5-6) T4,NYK (5-6) T4,ATL (5-7) T6,BRK (5-7) T6,CHI (5-7) T6,MIA (4-6),DET (5-8),CHO (4-7),MIL (4-8),WAS (2-8),PHI (2-9),TOR (2-10)
11/15/2024,CLE (14-0),BOS (10-3),ORL (8-6),NYK (6-6),ATL (6-7),MIA (5-6),DET (6-8),IND (5-7),BRK (5-8) T9,CHI (5-8) T9,CHO (4-7),MIL (4-8),WAS (2-9),PHI (2-10),TOR (2-11)
11/16/2024,CLE (14-0),BOS (11-3),ORL (8-6),NYK (6-6),ATL (6-7),MIA (5-6),DET (6-8),CHO (5-7) T8,IND (5-7) T8,BRK (5-8) T10,CHI (5-8) T10,MIL (4-9),WAS (2-9),PHI (2-10),TOR (2-12)
11/17/2024,CLE (15-0),BOS (11-3),ORL (8-6),NYK (7-6),DET (7-8),IND (6-7),ATL (6-8),MIA (5-7),CHO (5-8),BRK (5-9) T10,CHI (5-9) T10,MIL (4-9),PHI (2-10) T13,WAS (2-10) T13,TOR (2-12)
11/18/2024,CLE (15-0),BOS (11-3),ORL (9-6),NYK (8-6),ATL (7-8),MIA (6-7),DET (7-9),IND (6-8),CHI (6-9),CHO (5-8),BRK (5-9) T11,MIL (5-9) T11,TOR (3-12),PHI (2-11) T14,WAS (2-11) T14
11/19/2024,CLE (15-1),BOS (12-3),ORL (9-6),NYK (8-6),ATL (7-8),MIA (6-7),DET (7-9),IND (6-8),BRK (6-9) T9,CHI (6-9) T9,CHO (5-9) T11,MIL (5-9) T11,TOR (3-12),PHI (2-11) T14,WAS (2-11) T14
11/20/2024,CLE (16-1),BOS (12-3),NYK (9-6),ORL (9-7),MIA (6-7),ATL (7-9) T6,DET (7-9) T6,BRK (6-9) T8,IND (6-9) T8,MIL (6-9) T8,CHI (6-10),CHO (5-9),TOR (3-12),WAS (2-11),PHI (2-12)
11/21/2024,CLE (16-1),BOS (12-3),NYK (9-6),ORL (10-7),MIA (6-7),ATL (7-9),DET (7-10),BRK (6-9) T8,CHO (6-9) T8,IND (6-9) T8,MIL (6-9) T8,CHI (6-10),TOR (4-12),WAS (2-11),PHI (2-12)
11/22/2024,CLE (16-1),BOS (13-3),NYK (9-6),ORL (10-7),MIA (6-7),MIL (7-9),ATL (7-10) T7,CHI (7-10) T7,DET (7-10) T7,CHO (6-9),BRK (6-10) T11,IND (6-10) T11,TOR (4-12),PHI (3-12),WAS (2-12)
11/23/2024,CLE (16-1),BOS (13-3),ORL (11-7),NYK (9-7),MIL (8-9),MIA (6-7),ATL (7-10),CHI (7-11) T8,DET (7-11) T8,BRK (6-10) T10,CHO (6-10) T10,IND (6-10) T10,TOR (4-12),PHI (3-12),WAS (2-12)
11/24/2024,CLE (17-1),BOS (14-3),ORL (11-7),NYK (9-7),MIA (7-7),MIL (8-9),ATL (7-10) T7,BRK (7-10) T7,IND (7-10) T7,CHI (7-11) T10,DET (7-11) T10,CHO (6-10),TOR (4-13),PHI (3-13),WAS (2-13)
11/25/2024,CLE (17-1),BOS (15-3),ORL (12-7),NYK (10-7),MIA (7-7),MIL (8-9),BRK (8-10) T7,IND (8-10) T7,DET (8-11),ATL (7-11) T10,CHI (7-11) T10,CHO (6-11),TOR (4-14),PHI (3-13),WAS (2-13)
11/26/2024,CLE (17-1),BOS (15-3),ORL (12-7),NYK (10-7),MIL (9-9),MIA (7-8),BRK (8-10) T7,IND (8-10) T7,CHI (8-11) T9,DET (8-11) T9,ATL (7-11),CHO (6-11),TOR (4-14),PHI (3-13),WAS (2-14)
11/27/2024,CLE (17-2),BOS (15-3),ORL (13-7),NYK (10-8),MIL (9-9) T5,MIA (8-8) T5,BRK (9-10) T7,IND (9-10) T7,ATL (8-11),CHI (8-12) T10,DET (8-12) T10,CHO (6-12),TOR (5-14),PHI (3-14),WAS (2-15)
11/29/2024,CLE (17-3),BOS (16-3),ORL (14-7),NYK (11-8),MIA (9-8),MIL (9-9),ATL (9-11) T7,BRK (9-11) T7,IND (9-11) T7,DET (9-12),CHI (8-13),CHO (6-13),TOR (5-15),PHI (3-14),WAS (2-15)
11/30/2024,CLE (17-3),BOS (16-3),ORL (14-7),NYK (11-8),MIA (9-8),MIL (10-9),ATL (10-11),BRK (9-11) T8,IND (9-11) T8,DET (9-13),CHI (8-13),CHO (6-14),TOR (5-15),PHI (4-14),WAS (2-16)
12/1/2024,CLE (18-3),BOS (16-4),ORL (15-7),NYK (12-8),MIL (10-9),MIA (9-9),ATL (10-11),BRK (9-12) T8,IND (9-12) T8,DET (9-13),CHI (8-13),CHO (6-14),TOR (6-15),PHI (4-14),WAS (2-16)
12/2/2024,CLE (18-3),BOS (17-4),ORL (15-7),NYK (12-8),MIL (10-9),ATL (11-11),MIA (9-10),IND (9-12),BRK (9-13) T9,CHI (9-13) T9,DET (9-13) T9,CHO (6-14),TOR (6-15),PHI (4-14),WAS (2-16)
12/3/2024,CLE (19-3),BOS (17-4),ORL (15-8),NYK (13-8),MIL (11-9),ATL (11-11),MIA (9-10),BRK (9-13) T8,CHI (9-13) T8,IND (9-13) T8,DET (9-14),TOR (7-15),CHO (6-15),PHI (5-14),WAS (2-17)
12/4/2024,CLE (19-3),BOS (18-4),ORL (16-8),NYK (13-8),MIL (11-10),ATL (12-11),MIA (10-10),BRK (10-13),CHI (9-13),IND (9-14),DET (9-15),TOR (7-15),CHO (6-15),PHI (5-15),WAS (2-17)
12/5/2024,CLE (20-3),BOS (18-4),ORL (16-8),NYK (14-8),MIL (11-10),ATL (12-11),MIA (10-10),BRK (10-13) T8,CHI (10-13) T8,IND (9-14),DET (9-15),TOR (7-16),CHO (6-16),PHI (5-15),WAS (2-18)
12/6/2024,CLE (20-3),BOS (19-4),ORL (16-9),NYK (14-8),ATL (13-11),MIL (11-11) T6,MIA (10-10) T6,BRK (10-13),CHI (10-14) T9,IND (10-14) T9,DET (9-15),TOR (7-16),PHI (6-15),CHO (6-16),WAS (2-18)
12/7/2024,CLE (21-3),BOS (19-5),ORL (16-9),NYK (14-9),ATL (13-11),MIA (11-10),MIL (11-11),BRK (10-13),CHI (10-14) T9,IND (10-14) T9,DET (10-15),TOR (7-17),PHI (6-15),CHO (6-17),WAS (3-18)
12/8/2024,CLE (21-4),BOS (19-5),ORL (17-9),NYK (14-9),MIA (12-10),MIL (12-11),ATL (13-12),BRK (10-14),CHI (10-15) T9,DET (10-15) T9,IND (10-15) T9,PHI (7-15),CHO (7-17) T13,TOR (7-17) T13,WAS (3-19)
12/9/2024,CLE (21-4),BOS (19-5),ORL (17-9),NYK (15-9),MIA (12-10),MIL (12-11),ATL (13-12),BRK (10-14),CHI (10-15) T9,DET (10-15) T9,IND (10-15) T9,PHI (7-15),CHO (7-17),TOR (7-18),WAS (3-19)
12/10/2024,CLE (21-4),BOS (19-5),ORL (17-10),NYK (15-9),MIA (12-10),MIL (13-11),ATL (13-12),BRK (10-14),CHI (10-15) T9,DET (10-15) T9,IND (10-15) T9,PHI (7-15),CHO (7-17),TOR (7-18),WAS (3-19)
12/11/2024,CLE (21-4),BOS (19-5),ORL (17-10),NYK (15-10),MIA (12-10),MIL (13-11),ATL (14-12),BRK (10-14),CHI (10-15) T9,DET (10-15) T9,IND (10-15) T9,PHI (7-15),CHO (7-17),TOR (7-18),WAS (3-19)
12/12/2024,CLE (21-4),BOS (20-5),ORL (17-10),NYK (15-10),MIA (13-10),MIL (13-11),ATL (14-12),BRK (10-14),CHI (10-15) T9,IND (10-15) T9,DET (10-16),PHI (7-15),CHO (7-17),TOR (7-19),WAS (3-19)
12/13/2024,CLE (22-4),BOS (20-5),ORL (17-10),NYK (15-10),MIA (13-10),MIL (13-11),ATL (14-12),CHI (11-15) T8,IND (11-15) T8,BRK (10-15),DET (10-16),PHI (7-16),CHO (7-18),TOR (7-19),WAS (3-20)
12/14/2024,CLE (22-4),BOS (20-5),ORL (17-10),NYK (15-10),MIA (13-10),MIL (14-11),ATL (14-13),CHI (11-15) T8,IND (11-15) T8,BRK (10-15),DET (10-16),PHI (7-16),CHO (7-18),TOR (7-19),WAS (3-20)
12/15/2024,CLE (22-4),BOS (21-5),NYK (16-10),ORL (17-11),MIA (13-10),MIL (14-11),ATL (14-13),IND (12-15),CHI (11-15),BRK (10-15),DET (10-16),PHI (7-16),CHO (7-18),TOR (7-19),WAS (3-21)
12/16/2024,CLE (23-4),BOS (21-5),NYK (16-10),ORL (17-11),MIL (14-11),MIA (13-11),ATL (14-13),CHI (12-15) T8,IND (12-15) T8,DET (11-16),BRK (10-16),PHI (8-16),CHO (7-19),TOR (7-20),WAS (3-21)
12/19/2024,CLE (23-4),BOS (21-6),NYK (17-10),ORL (17-12),MIL (14-11),MIA (13-11),ATL (14-14),CHI (13-15) T8,IND (13-15) T8,BRK (11-16),DET (11-17),PHI (8-16),CHO (7-20),TOR (7-21),WAS (4-21)
12/20/2024,CLE (24-4),BOS (21-6),NYK (17-10),ORL (17-12),MIL (14-12),MIA (13-12),ATL (14-14),CHI (13-15) T8,IND (13-15) T8,BRK (11-16),DET (11-17),PHI (9-16),CHO (7-21) T13,TOR (7-21) T13,WAS (4-21)
12/21/2024,CLE (25-4),BOS (22-6),NYK (18-10),ORL (18-12),MIL (15-12),MIA (13-13),ATL (14-15),IND (13-15),CHI (13-16),DET (12-17),BRK (11-17),PHI (9-17),CHO (7-21) T13,TOR (7-21) T13,WAS (4-22)
12/22/2024,CLE (25-4),BOS (22-6),NYK (18-10),ORL (18-12),MIL (15-12),MIA (13-13),ATL (14-15) T7,IND (14-15) T7,CHI (13-16),DET (12-17),BRK (11-17),PHI (9-17),CHO (7-21),TOR (7-22),WAS (4-22)
12/23/2024,CLE (26-4),BOS (22-7),NYK (19-10),ORL (19-12),MIL (16-12),MIA (14-13),ATL (15-15) T7,IND (15-15) T7,CHI (13-17) T9,DET (13-17) T9,BRK (11-18),PHI (10-17),CHO (7-22),TOR (7-23),WAS (4-23)
12/25/2024,CLE (26-4),BOS (22-8),NYK (20-10),ORL (19-12),MIL (16-12),MIA (14-13),ATL (15-15) T7,IND (15-15) T7,CHI (13-17) T9,DET (13-17) T9,PHI (11-17),BRK (11-18),CHO (7-22),TOR (7-23),WAS (4-23)
12/26/2024,CLE (26-4),BOS (22-8),NYK (20-10),ORL (19-13),MIL (16-13),MIA (15-13),ATL (16-15),IND (15-16),DET (14-17),CHI (13-18),BRK (12-18),PHI (11-17),CHO (7-23),TOR (7-24),WAS (5-23)
12/27/2024,CLE (27-4),BOS (23-8),NYK (21-10),ORL (19-14),MIL (16-13),MIA (15-13),ATL (16-15),IND (15-17),DET (14-17),CHI (13-18),PHI (11-17),BRK (12-19),CHO (7-23),TOR (7-24),WAS (5-23)
12/28/2024,CLE (27-4),BOS (23-8),NYK (22-10),ORL (19-14),MIL (16-14),ATL (17-15),MIA (15-14),IND (15-17),CHI (14-18) T9,DET (14-18) T9,PHI (12-17),BRK (12-19),CHO (7-24) T13,TOR (7-24) T13,WAS (5-24)
12/29/2024,CLE (27-4),BOS (23-9),NYK (22-10),ORL (20-14),ATL (18-15),MIA (16-14) T6,MIL (16-14) T6,IND (16-17),CHI (14-18) T9,DET (14-18) T9,PHI (12-17),BRK (12-20),CHO (7-24),TOR (7-25),WAS (5-24)
12/30/2024,CLE (28-4),BOS (23-9),NYK (23-10),ORL (20-14),ATL (18-15),MIA (16-14) T6,MIL (16-14) T6,IND (16-17),CHI (15-18),DET (14-18),PHI (13-17),BRK (12-20),CHO (7-25) T13,TOR (7-25) T13,WAS (5-25)
12/31/2024,CLE (29-4),BOS (24-9),NYK (23-10),ORL (20-14),MIL (17-14),ATL (18-15),MIA (16-14),IND (16-18),CHI (15-18),DET (14-18),PHI (13-17),BRK (12-20),CHO (7-25),TOR (7-26),WAS (5-25)
1/1/2025,CLE (29-4),BOS (24-9),NYK (24-10),ORL (20-15),MIA (17-14) T5,MIL (17-14) T5,ATL (18-16),IND (16-18),DET (15-18),CHI (15-19),PHI (13-18),BRK (12-21),TOR (8-26),CHO (7-25),WAS (6-25)
1/2/2025,CLE (29-4),BOS (25-9),NYK (24-10),ORL (20-15),MIA (17-15) T5,MIL (17-15) T5,ATL (18-16),IND (17-18),DET (15-18),CHI (15-19),PHI (13-19),BRK (13-21),TOR (8-26),CHO (7-25),WAS (6-25)
1/3/2025,CLE (30-4),BOS (26-9),NYK (24-11),ORL (21-15),MIA (17-15) T5,MIL (17-15) T5,ATL (18-17),IND (17-18),DET (16-18),CHI (15-19),PHI (13-19),BRK (13-21),TOR (8-27),CHO (7-26),WAS (6-26)
1/4/2025,CLE (30-4),BOS (26-9),NYK (24-12),ORL (21-15),MIA (17-16) T5,MIL (17-16) T5,ATL (18-18) T7,IND (18-18) T7,DET (17-18),CHI (16-19),PHI (14-19),BRK (13-22),TOR (8-27),CHO (7-26),WAS (6-26)
1/5/2025,CLE (31-4),BOS (26-10),NYK (24-12),ORL (21-16),MIA (17-16) T5,MIL (17-16) T5,ATL (18-18) T7,IND (18-18) T7,DET (17-18),CHI (16-19),PHI (14-19),BRK (13-22),TOR (8-27),CHO (7-27),WAS (6-27)
1/6/2025,CLE (31-4),BOS (26-10),NYK (24-13),ORL (22-16),MIL (18-16),IND (19-18),ATL (18-18) T7,DET (18-18) T7,MIA (17-17) T7,CHI (17-19),PHI (14-20),BRK (13-23),TOR (8-28),CHO (7-27),WAS (6-27)
1/7/2025,CLE (31-4),BOS (27-10),NYK (24-13),ORL (22-16),MIL (18-16),MIA (18-17),ATL (19-18) T7,IND (19-18) T7,DET (18-18),CHI (17-19),PHI (14-20),BRK (13-23),CHO (8-27),TOR (8-28),WAS (6-28)
1/8/2025,CLE (32-4),BOS (27-10),NYK (25-13),ORL (22-16),MIL (19-16),IND (20-18),MIA (18-17),ATL (19-18) T8,DET (19-18) T8,CHI (17-20),PHI (15-20),BRK (13-24),CHO (8-27),TOR (8-29),WAS (6-29)
1/9/2025,CLE (33-4),BOS (27-10),NYK (25-13),ORL (22-17),MIL (19-16),MIA (19-17),IND (20-18),ATL (19-19) T8,DET (19-19) T8,CHI (17-20),PHI (15-20),BRK (13-24),CHO (8-27),TOR (8-30),WAS (6-29)
1/10/2025,CLE (33-4),BOS (27-11),NYK (25-14),MIL (20-16),ORL (22-18),IND (21-18),MIA (19-17),ATL (19-19) T8,DET (19-19) T8,CHI (18-20),PHI (15-21),BRK (13-25),CHO (8-27),TOR (8-30),WAS (6-30)
1/11/2025,CLE (33-4),BOS (27-11),NYK (25-14),MIL (20-16),ORL (22-18),MIA (20-17),IND (21-18),DET (20-19),ATL (19-19),CHI (18-20),PHI (15-21),BRK (13-25),CHO (8-27),TOR (8-31),WAS (6-30)
1/12/2025,CLE (33-5),BOS (28-11),NYK (26-14),ORL (23-18),IND (22-18),MIA (20-17) T6,MIL (20-17) T6,DET (20-19),ATL (19-19),CHI (18-21),PHI (15-22),BRK (13-26),CHO (8-28),TOR (8-31),WAS (6-31)
1/13/2025,CLE (33-5),BOS (28-11),NYK (26-15),ORL (23-18),IND (22-18),MIL (20-17),MIA (20-18),DET (21-19),ATL (19-19),CHI (18-21),PHI (15-22),BRK (13-26),TOR (9-31),CHO (8-28),WAS (6-32)
1/14/2025,CLE (34-5),BOS (28-11),NYK (26-15),ORL (23-18),MIL (21-17),IND (22-19),MIA (20-18),DET (21-19),ATL (20-19),CHI (18-22),PHI (15-23),BRK (14-26),TOR (9-31),CHO (8-28),WAS (6-32)
1/15/2025,CLE (34-5),BOS (28-12),NYK (27-15),MIL (22-17),ORL (23-19),IND (22-19),ATL (21-19) T7,DET (21-19) T7,MIA (20-19),CHI (18-23),PHI (15-24),BRK (14-27),TOR (10-31),CHO (9-28),WAS (6-32)
1/16/2025,CLE (34-6),BOS (28-12),NYK (27-15),MIL (22-17),IND (23-19) T5,ORL (23-19) T5,ATL (21-19),MIA (20-19),DET (21-20),CHI (18-23),PHI (15-24),BRK (14-27),TOR (10-31),CHO (9-28),WAS (6-33)
1/17/2025,CLE (34-6),BOS (29-12),NYK (27-16),MIL (23-17),IND (23-19),ORL (23-20),ATL (21-19),DET (21-20),MIA (20-20),CHI (18-24),PHI (15-24),BRK (14-28),CHO (10-28),TOR (10-32),WAS (6-33)
1/18/2025,CLE (35-6),BOS (29-13),NYK (27-16),MIL (23-17),IND (24-19),ATL (22-19),ORL (23-20),DET (21-21) T8,MIA (20-20) T8,CHI (18-24),PHI (15-25),BRK (14-28),CHO (10-28),TOR (10-32),WAS (6-34)
1/19/2025,CLE (35-6),BOS (29-13),NYK (27-16),MIL (24-17),IND (24-19),ATL (22-19),ORL (23-21),MIA (21-20),DET (21-21),CHI (18-25),PHI (15-26),BRK (14-29),CHO (10-28),TOR (10-32),WAS (6-35)
1/20/2025,CLE (36-6),BOS (30-13),NYK (28-16),MIL (24-17),IND (24-19),ATL (22-20),ORL (23-21),MIA (21-20),DET (22-21),CHI (19-25),PHI (15-26),BRK (14-29),CHO (11-28),TOR (10-32),WAS (6-35)
1/21/2025,CLE (36-6),BOS (30-13),NYK (29-16),MIL (24-17),IND (24-19),ATL (22-20),DET (22-21),ORL (23-22),MIA (21-21),CHI (19-25),PHI (15-27),BRK (14-30),CHO (11-28),TOR (11-32),WAS (6-36)
1/22/2025,CLE (36-7),BOS (31-13),NYK (29-16),MIL (24-17),IND (24-19),DET (23-21),ATL (22-21),ORL (23-22),MIA (21-21),CHI (19-25),PHI (15-27),BRK (14-31),CHO (11-29),TOR (11-32),WAS (6-36)
1/23/2025,CLE (36-7),BOS (31-14),NYK (29-16),MIL (25-17),IND (24-20),DET (23-21),ORL (23-23) T7,ATL (22-22) T7,MIA (21-22),CHI (19-26),PHI (15-27),BRK (14-31),CHO (11-29),TOR (12-32),WAS (6-37)
1/24/2025,CLE (36-8),BOS (31-14),NYK (29-16),MIL (25-17),IND (24-20),DET (23-21),ORL (23-23) T7,ATL (22-22) T7,MIA (21-22),CHI (19-26),PHI (16-27),BRK (14-31),TOR (12-32),CHO (11-30),WAS (6-37)
1/25/2025,CLE (36-9),BOS (32-14),NYK (30-16),MIL (25-18),IND (25-20),DET (23-22),ORL (24-23),MIA (22-22),ATL (22-23),CHI (19-27),PHI (17-27),BRK (14-32),TOR (13-32),CHO (12-30),WAS (6-38)
1/26/2025,CLE (36-9),BOS (32-14),NYK (30-16),MIL (25-18),IND (25-20),DET (23-22),ORL (24-23),MIA (22-22),ATL (22-23),CHI (19-27),PHI (17-27),BRK (14-32),TOR (13-32),CHO (12-30),WAS (6-38)
1/27/2025,CLE (37-9),BOS (32-15),NYK (31-16),MIL (26-18),IND (25-20),MIA (23-22),ORL (24-24) T7,DET (23-23) T7,ATL (22-24),CHI (20-27),PHI (17-27),TOR (14-32),BRK (14-33),CHO (12-31),WAS (6-39)
1/28/2025,CLE (37-9),BOS (32-15),NYK (31-16),MIL (26-19),IND (25-20),MIA (23-22),ORL (24-24) T7,DET (23-23) T7,ATL (22-25),CHI (20-27),PHI (18-27),TOR (14-32),BRK (14-33),CHO (12-31),WAS (6-39)
1/29/2025,CLE (38-9),BOS (33-15),NYK (32-16),MIL (26-19),IND (26-20),ORL (24-24) T6,MIA (23-23) T6,DET (23-24),ATL (22-25),CHI (20-28),PHI (19-27),TOR (15-32),BRK (15-33),CHO (12-32),WAS (6-40)
1/30/2025,CLE (39-9),BOS (33-15),NYK (32-16),MIL (26-19),IND (26-20),MIA (23-23),ORL (24-25),DET (23-24),ATL (22-26),CHI (20-28),PHI (19-27),TOR (15-32),BRK (15-33),CHO (12-32),WAS (6-41)
1/31/2025,CLE (39-9),BOS (34-15),NYK (32-16),IND (26-20) T4,MIL (26-20) T4,DET (24-24) T6,MIA (23-23) T6,ORL (24-25),ATL (22-26),CHI (21-28),PHI (19-28),BRK (15-33) T12,TOR (15-33) T12,CHO (12-33),WAS (6-41)
2/1/2025,CLE (39-9),BOS (34-15),NYK (32-17),IND (27-20),MIL (26-20),MIA (24-23),DET (24-24),ORL (24-26),ATL (22-27),CHI (21-28),PHI (19-28),BRK (16-33),TOR (15-33),CHO (12-34),WAS (7-41)
2/2/2025,CLE (40-9),BOS (35-15),NYK (32-17),IND (27-20),MIL (26-21),MIA (24-23),DET (25-24),ORL (24-26),ATL (22-27),CHI (21-29),PHI (19-29),BRK (16-33) T12,TOR (16-33) T12,CHO (12-34),WAS (7-41)
2/3/2025,CLE (40-9),BOS (35-15),NYK (33-17),IND (28-20),MIL (26-22),MIA (24-23),DET (25-25),ORL (24-27),ATL (23-27),CHI (21-29),PHI (19-29),BRK (16-33) T12,TOR (16-33) T12,CHO (12-35),WAS (8-41)
2/4/2025,CLE (40-10),BOS (36-15),NYK (34-17),IND (28-21),MIL (26-22),DET (25-25) T6,MIA (24-24) T6,ORL (24-27),ATL (23-27),CHI (22-29),PHI (20-29),BRK (17-33),TOR (16-34),CHO (12-35),WAS (8-41)
2/5/2025,CLE (41-10),BOS (36-15),NYK (34-17),IND (28-21),MIL (27-22),MIA (25-24),DET (25-26),ORL (25-27),ATL (23-28),CHI (22-30),PHI (20-30),BRK (17-34),TOR (16-35),CHO (12-36),WAS (9-41)
2/6/2025,CLE (41-10),BOS (36-16),NYK (34-17),IND (29-21),MIL (27-22),MIA (25-24),DET (25-26),ORL (25-28),ATL (23-28),CHI (22-30),PHI (20-30),BRK (17-34),TOR (16-35),CHO (12-36),WAS (9-41)
2/7/2025,CLE (42-10),BOS (36-16),NYK (34-17),IND (29-21),MIL (27-23),DET (26-26) T6,MIA (25-25) T6,ORL (25-28),ATL (24-28),CHI (22-30),PHI (20-31),BRK (18-34),TOR (16-36),CHO (13-36),WAS (9-42)
2/8/2025,CLE (42-10),BOS (37-16),NYK (34-18),IND (29-22),MIL (27-23),DET (26-26) T6,MIA (25-25) T6,ORL (26-28),ATL (25-28),CHI (22-31),PHI (20-31),BRK (18-34),TOR (16-36),CHO (13-36),WAS (9-43)
2/9/2025,CLE (42-10),BOS (37-16),NYK (34-18),IND (29-22),MIL (28-23),DET (27-26),MIA (25-25),ORL (26-28),ATL (25-28),CHI (22-31),PHI (20-32),BRK (18-34),TOR (16-37),CHO (13-37),WAS (9-43)
2/10/2025,CLE (43-10),BOS (38-16),NYK (34-18),IND (29-22),MIL (28-24),DET (27-26),MIA (25-26),ATL (26-28),ORL (26-29),CHI (22-31),PHI (20-32),BRK (19-34),TOR (16-37),CHO (13-38),WAS (9-44)
2/11/2025,CLE (43-10),BOS (38-16),NYK (35-18),IND (29-23),MIL (28-24),DET (28-26),MIA (25-26),ATL (26-28),ORL (26-29),CHI (22-32),PHI (20-33),BRK (19-34),TOR (17-37),CHO (13-38),WAS (9-44)
2/12/2025,CLE (44-10),BOS (39-16),NYK (36-18),IND (30-23),MIL (29-24),DET (29-26),ORL (27-29),MIA (25-27),ATL (26-29),CHI (22-33),BRK (20-34) T11,PHI (20-34) T11,TOR (17-38),CHO (13-39),WAS (9-45)
2/13/2025,CLE (44-10),BOS (39-16),NYK (36-18),IND (30-23),MIL (29-24),DET (29-26),ORL (27-29),ATL (26-29),MIA (25-28),CHI (22-33),BRK (20-34) T11,PHI (20-34) T11,TOR (17-38),CHO (13-39),WAS (9-45)
2/19/2025,CLE (44-10),BOS (39-16),NYK (36-18),IND (30-23),MIL (29-24),DET (29-26),ORL (27-29),ATL (26-29),MIA (25-28),CHI (22-33),BRK (20-34) T11,PHI (20-34) T11,TOR (17-38),CHO (14-39),WAS (9-45)
2/20/2025,CLE (45-10),BOS (40-16),NYK (37-18),IND (31-23),MIL (30-24),DET (29-26),ORL (28-29),MIA (25-28),ATL (26-30),CHI (22-34),BRK (20-35) T11,PHI (20-35) T11,TOR (17-38),CHO (14-40),WAS (9-45)
2/21/2025,CLE (46-10),BOS (40-16),NYK (37-19),IND (31-23),MIL (31-24),DET (30-26),ORL (28-30),MIA (26-28),ATL (26-30),CHI (22-34),BRK (20-35) T11,PHI (20-35) T11,TOR (17-39),CHO (14-40),WAS (9-46)
2/22/2025,CLE (46-10),BOS (40-16),NYK (37-19),IND (31-23),MIL (31-24),DET (30-26),ORL (28-30),MIA (26-28),ATL (26-30),CHI (22-35),BRK (21-35),PHI (20-36),TOR (17-39),CHO (14-41),WAS (9-46)
2/23/2025,CLE (47-10),BOS (41-16),NYK (37-20),IND (32-23),MIL (32-24),DET (31-26),ORL (29-30),MIA (26-29),ATL (26-31),CHI (22-35),BRK (21-35),PHI (20-36),TOR (18-39),CHO (14-41),WAS (9-47)
2/24/2025,CLE (47-10),BOS (41-16),NYK (37-20),IND (32-24) T4,MIL (32-24) T4,DET (32-26),ORL (29-30),ATL (27-31),MIA (26-30),CHI (23-35),BRK (21-36),PHI (20-37),TOR (18-39),CHO (14-42),WAS (10-47)
2/25/2025,CLE (48-10),BOS (42-16),NYK (37-20),IND (32-24),MIL (32-25),DET (32-26),ORL (29-31),ATL (27-31),MIA (26-30),CHI (23-35),BRK (21-36),PHI (20-37),TOR (18-40),CHO (14-43),WAS (10-47)
2/26/2025,CLE (48-10),BOS (42-17),NYK (38-20),IND (33-24),MIL (32-25),DET (33-26),ORL (29-31),MIA (27-30),ATL (27-32),CHI (23-36),BRK (21-37),PHI (20-38),TOR (18-41),CHO (14-43),WAS (10-48)
2/27/2025,CLE (48-10),BOS (42-17),NYK (38-20),IND (33-24),MIL (33-25),DET (33-26),ORL (29-32),MIA (27-30),ATL (27-32),CHI (23-36),BRK (21-37),PHI (20-38),TOR (18-41),CHO (14-44),WAS (10-48)
2/28/2025,CLE (49-10),BOS (42-18),NYK (39-20),IND (33-25) T4,MIL (33-25) T4,DET (33-27),MIA (28-30),ORL (29-32),ATL (27-33),CHI (24-36),BRK (21-38),PHI (20-38),TOR (18-42),CHO (14-44),WAS (10-48)
3/1/2025,CLE (49-10),BOS (42-18),NYK (39-20),MIL (34-25),IND (33-25),DET (34-27),MIA (28-30),ORL (29-32),ATL (27-33),CHI (24-36),PHI (21-38),BRK (21-39),TOR (18-42),CHO (14-45),WAS (11-48)
3/2/2025,CLE (50-10),BOS (43-18),NYK (40-20),IND (34-25) T4,MIL (34-25) T4,DET (34-27),MIA (28-31),ORL (29-33),ATL (27-33),CHI (24-37),PHI (21-38),BRK (21-39),TOR (19-42),CHO (14-45),WAS (11-48)
3/3/2025,CLE (50-10),BOS (43-18),NYK (40-20),IND (34-25) T4,MIL (34-25) T4,DET (35-27),MIA (29-31),ORL (29-33),ATL (28-33),CHI (24-37),BRK (21-39) T11,PHI (21-39) T11,TOR (19-42),CHO (14-46),WAS (11-49)
3/4/2025,CLE (51-10),BOS (43-18),NYK (40-21),IND (35-25) T4,MIL (35-25) T4,DET (35-27),MIA (29-31),ORL (29-34),ATL (28-34),CHI (24-38),BRK (21-40) T11,PHI (21-40) T11,TOR (20-42),CHO (14-46),WAS (11-49)
3/5/2025,CLE (52-10),BOS (44-18),NYK (40-21),MIL (36-25),IND (35-25),DET (35-28),MIA (29-32),ORL (29-34),ATL (28-34),CHI (24-38),BRK (21-40) T11,PHI (21-40) T11,TOR (20-42),CHO (14-47),WAS (12-49)
3/6/2025,CLE (52-10),BOS (45-18),NYK (40-22),MIL (36-25),IND (35-26),DET (35-28),MIA (29-32),ATL (29-34),ORL (29-35),CHI (25-38),BRK (21-41) T11,PHI (21-41) T11,TOR (20-42),CHO (14-47),WAS (12-49)
3/7/2025,CLE (53-10),BOS (45-18),NYK (40-23),MIL (36-25),IND (35-26),DET (35-28),MIA (29-33),ATL (29-34),ORL (29-35),CHI (25-38),BRK (21-41) T11,PHI (21-41) T11,TOR (21-42),CHO (14-48),WAS (12-49)
3/8/2025,CLE (53-10),BOS (46-18),NYK (40-23),MIL (36-26),IND (35-27),DET (35-29),ATL (30-34),ORL (30-35),MIA (29-34),CHI (26-38),PHI (21-41),BRK (21-42),TOR (21-43),CHO (15-48),WAS (13-49)
3/9/2025,CLE (54-10),BOS (46-18),NYK (40-23),MIL (36-27),IND (35-27),DET (36-29),ATL (30-34),ORL (30-35),MIA (29-34),CHI (26-38),PHI (22-41),BRK (21-42),TOR (21-43),CHO (15-48),WAS (13-49)
3/10/2025,CLE (54-10),BOS (47-18),NYK (41-23),MIL (36-27),IND (35-28),DET (36-29),ATL (31-34),ORL (30-36),MIA (29-35),CHI (27-38),BRK (22-42) T11,PHI (22-42) T11,TOR (22-43),CHO (16-48),WAS (13-50)
3/11/2025,CLE (55-10),BOS (47-18),NYK (41-23),IND (36-28) T4,MIL (36-28) T4,DET (37-29),ATL (31-34),ORL (30-36),MIA (29-35),CHI (27-38),PHI (22-42),BRK (22-43) T12,TOR (22-43) T12,CHO (16-48),WAS (13-51)
3/12/2025,CLE (55-10),BOS (47-19),NYK (42-23),IND (36-28) T4,MIL (36-28) T4,DET (37-29),ATL (32-34),ORL (30-36),MIA (29-36),CHI (27-38),TOR (23-43),BRK (22-43) T12,PHI (22-43) T12,CHO (16-49),WAS (13-51)
3/13/2025,CLE (55-10),BOS (47-19),NYK (42-23),MIL (37-28),IND (36-28),DET (37-30),ATL (32-34),ORL (31-36),MIA (29-36),CHI (28-38),TOR (23-43),PHI (22-43),BRK (22-44),CHO (16-49),WAS (14-51)
3/14/2025,CLE (56-10),BOS (48-19),NYK (42-23),IND (37-28) T4,MIL (37-28) T4,DET (37-30),ATL (32-35),ORL (31-37),MIA (29-37),CHI (28-38),TOR (24-43),BRK (22-44) T12,PHI (22-44) T12,CHO (17-49),WAS (14-51)
3/15/2025,CLE (56-10),BOS (49-19),NYK (42-24),MIL (38-28),IND (37-29),DET (37-31),ATL (32-35),ORL (31-37),MIA (29-38),CHI (28-39),TOR (24-43),PHI (22-44),BRK (22-45),CHO (17-49),WAS (15-51)
3/16/2025,CLE (56-11),BOS (49-19),NYK (42-24),MIL (38-29),IND (37-29),DET (37-31),ATL (32-36),ORL (32-37),MIA (29-38),CHI (28-39),TOR (24-44),PHI (23-44),BRK (23-45),CHO (17-50),WAS (15-51)
3/17/2025,CLE (56-11),BOS (49-19),NYK (43-24),IND (38-29) T4,MIL (38-29) T4,DET (38-31),ATL (32-36),ORL (32-37),CHI (29-39) T9,MIA (29-39) T9,TOR (24-45),BRK (23-45) T12,PHI (23-45) T12,CHO (17-50),WAS (15-52)
3/18/2025,CLE (56-12),BOS (50-19),NYK (43-24),IND (38-29),MIL (38-30),DET (38-31),ATL (33-36),ORL (32-37),CHI (29-39) T9,MIA (29-39) T9,TOR (24-45),PHI (23-45),BRK (23-46),CHO (17-51),WAS (15-52)
3/19/2025,CLE (56-13),BOS (50-19),NYK (43-25),IND (39-29),MIL (38-30),DET (39-31),ATL (33-36),ORL (32-38),CHI (29-40) T9,MIA (29-40) T9,TOR (24-45),BRK (23-46) T12,PHI (23-46) T12,CHO (17-51),WAS (15-53)
3/20/2025,CLE (56-13),BOS (50-19),NYK (43-26),IND (40-29),MIL (39-30),DET (39-31),ATL (33-36),ORL (32-38),CHI (30-40),MIA (29-40),TOR (24-46),PHI (23-46),BRK (23-47),CHO (18-51),WAS (15-53)
3/21/2025,CLE (56-14),BOS (51-19),NYK (43-26),IND (40-29),MIL (39-30),DET (39-32),ATL (33-36),ORL (33-38),CHI (30-40),MIA (29-41),TOR (24-46),BRK (23-47) T12,PHI (23-47) T12,CHO (18-52),WAS (15-54)
3/22/2025,CLE (56-14),BOS (51-19),NYK (44-26),IND (41-29),MIL (40-30),DET (39-32),ATL (34-36),ORL (33-38),CHI (31-40),MIA (29-41),TOR (24-46),PHI (23-47),BRK (23-48),CHO (18-52),WAS (15-55)
3/23/2025,CLE (57-14),BOS (52-19),NYK (44-26),IND (41-29),MIL (40-30),DET (40-32),ATL (35-36),ORL (33-38),CHI (31-40),MIA (30-41),TOR (24-47),BRK (23-48) T12,PHI (23-48) T12,CHO (18-53),WAS (15-55)
3/24/2025,CLE (57-14),BOS (53-19),NYK (44-26),IND (42-29),MIL (40-31),DET (40-32),ATL (35-36),ORL (34-38),CHI (32-40),MIA (30-41),TOR (25-47),BRK (23-49) T12,PHI (23-49) T12,CHO (18-53),WAS (15-56)
3/25/2025,CLE (58-14),BOS (53-19),NYK (45-26),IND (42-29),MIL (40-31),DET (41-32),ATL (35-37),ORL (35-38),CHI (32-40),MIA (31-41),TOR (25-47),BRK (23-49) T12,PHI (23-49) T12,CHO (18-54),WAS (15-56)
3/26/2025,CLE (58-14),BOS (54-19),NYK (45-27),IND (42-30),DET (41-32),MIL (40-32),ATL (35-37),ORL (35-38),CHI (32-40),MIA (31-41),TOR (26-47),BRK (23-50) T12,PHI (23-50) T12,CHO (18-54),WAS (16-56)
3/27/2025,CLE (59-14),BOS (54-19),NYK (45-27),IND (43-30),DET (41-32),MIL (40-32),ATL (35-38),ORL (35-39),CHI (33-40),MIA (32-41),TOR (26-47),BRK (23-50) T12,PHI (23-50) T12,CHO (18-54),WAS (16-57)
3/28/2025,CLE (59-15),BOS (54-19),NYK (46-27),IND (43-30),DET (42-32),MIL (40-33),ATL (35-38),ORL (35-39),CHI (33-40),MIA (32-41),TOR (27-47),PHI (23-50),BRK (23-51),CHO (18-55),WAS (16-57)
3/29/2025,CLE (59-15),BOS (55-19),NYK (46-27),IND (43-31),DET (42-32),MIL (40-33),ORL (36-39),ATL (35-38),CHI (33-41) T9,MIA (33-41) T9,TOR (27-47),BRK (24-51),PHI (23-51),CHO (18-55),WAS (16-58)
3/30/2025,CLE (60-15),BOS (55-19),NYK (47-27),IND (43-31),DET (42-33),MIL (40-34),ATL (36-38),ORL (36-39),CHI (33-41) T9,MIA (33-41) T9,TOR (28-47),BRK (24-51),PHI (23-52),CHO (18-56),WAS (16-58)
3/31/2025,CLE (60-15),BOS (56-19),NYK (47-27),IND (44-31),DET (42-33),MIL (40-34),ATL (36-38),ORL (36-40),MIA (34-41),CHI (33-42),TOR (28-47),BRK (25-51),PHI (23-52),CHO (19-56),WAS (16-59)
4/1/2025,CLE (60-15),BOS (56-19),NYK (48-27),IND (44-31),DET (42-33),MIL (41-34),ORL (37-40),ATL (36-39),MIA (34-41),CHI (34-42),TOR (28-48),BRK (25-51),PHI (23-53),CHO (19-56),WAS (16-59)
4/2/2025,CLE (61-15),BOS (56-20),NYK (48-28),IND (45-31),DET (42-34),MIL (41-34),ORL (37-40),ATL (36-40),MIA (35-41),CHI (34-42),TOR (28-48),BRK (25-51),PHI (23-53),CHO (19-57),WAS (17-59)
4/3/2025,CLE (61-15),BOS (56-20),NYK (48-28),IND (45-31),DET (42-34) T5,MIL (42-34) T5,ORL (38-40),ATL (36-40),MIA (35-42),CHI (34-42),TOR (28-49),BRK (25-52),PHI (23-54),CHO (19-57),WAS (17-60)
4/4/2025,CLE (62-15),BOS (57-20),NYK (48-28),IND (46-31),DET (43-34),MIL (42-34),ORL (38-40),ATL (36-40),CHI (35-42) T9,MIA (35-42) T9,TOR (28-50),BRK (25-52),PHI (23-54),CHO (19-58),WAS (17-60)
4/5/2025,CLE (62-15),BOS (57-20),NYK (49-28),IND (46-31),MIL (43-34),DET (43-35),ORL (38-40),ATL (36-41),CHI (35-42),MIA (35-43),TOR (28-50),BRK (25-52),PHI (23-55),CHO (19-58),WAS (17-60)
4/6/2025,CLE (62-16),BOS (58-20),NYK (50-28),IND (47-31),MIL (44-34),DET (43-35),ORL (38-40),ATL (37-41),CHI (36-42),MIA (35-43),TOR (29-50),BRK (25-53),PHI (23-55),CHO (19-59),WAS (17-61)
4/7/2025,CLE (62-16),BOS (58-20),NYK (50-28),IND (47-31),MIL (44-34),DET (43-36),ORL (38-40),ATL (37-41),CHI (36-42),MIA (36-43),TOR (29-50),BRK (25-53),PHI (23-56),CHO (19-59),WAS (17-61)
4/8/2025,CLE (63-16),BOS (59-20),NYK (50-29),IND (48-31),MIL (45-34),DET (43-36),ORL (39-40),ATL (37-42),CHI (36-43) T9,MIA (36-43) T9,TOR (29-50),BRK (26-53),PHI (23-56),CHO (19-60),WAS (17-62)
4/9/2025,CLE (63-16),BOS (59-21),NYK (50-29),IND (48-31),MIL (45-34),DET (43-36),ORL (40-40),ATL (37-42),CHI (37-43),MIA (36-44),TOR (30-50),BRK (26-53),PHI (24-56),CHO (19-61),WAS (17-63)
4/10/2025,CLE (63-17),BOS (59-21),NYK (50-30),IND (49-31),MIL (46-34),DET (44-36),ORL (40-40),ATL (38-42),CHI (37-43),MIA (36-44),TOR (30-50),BRK (26-54),PHI (24-56),CHO (19-61),WAS (17-63)
4/11/2025,CLE (64-17),BOS (60-21),NYK (50-31),IND (49-32),MIL (47-34),DET (44-37),ORL (41-40),ATL (39-42),CHI (38-43),MIA (37-44),TOR (30-51),BRK (26-55),PHI (24-57),CHO (19-62),WAS (17-64)
4/13/2025,CLE (64-18),BOS (61-21),NYK (51-31),IND (50-32),MIL (48-34),DET (44-38),ORL (41-41),ATL (40-42),CHI (39-43),MIA (37-45),TOR (30-52),BRK (26-56),PHI (24-58),CHO (19-63),WAS (18-64)
